News Title,Press Name,link
[뉴스분석] 신현수 수석 사의파동 이면엔 청와대·검찰 '깊은 갈등의 골',한겨레,./articles/CBMiOWh0dHA6Ly93d3cuaGFuaS5jby5rci9hcnRpL3BvbGl0aWNzL2JsdWVob3VzZS85ODM0MjUuaHRtbNIBAA?hl=ko&gl=KR&ceid=KR%3Ako
진관산단 첫 확진자 늑장통보 논란…집단감염 키웠나 - 매일경제,매일경제,./articles/CBMiNmh0dHBzOi8vd3d3Lm1rLmNvLmtyL25ld3Mvc29jaWV0eS92aWV3LzIwMjEvMDIvMTU5NTgwL9IBOGh0dHBzOi8vbS5tay5jby5rci9uZXdzL3NvY2lldHkvdmlldy1hbXAvMjAyMS8wMi8xNTk1ODAv?hl=ko&gl=KR&ceid=KR%3Ako
‘1000억원대 횡령·배임’ 최신원 SK네트웍스 회장 구속,조선일보,./articles/CBMiUGh0dHBzOi8vd3d3LmNob3N1bi5jb20vbmF0aW9uYWwvY291cnRfbGF3LzIwMjEvMDIvMTcvQVpISFI3NTIyNUdYN0lITlNWWk83WU4zQVUv0gFfaHR0cHM6Ly93d3cuY2hvc3VuLmNvbS9uYXRpb25hbC9jb3VydF9sYXcvMjAyMS8wMi8xNy9BWkhIUjc1MjI1R1g3SUhOU1ZaTzdZTjNBVS8_b3V0cHV0VHlwZT1hbXA?hl=ko&gl=KR&ceid=KR%3Ako
"""때리며 웃던 사람이 같은 경찰이라니""...줄 잇는 학폭 폭로",YTN,./articles/CAIiEKCgEoB4QTxNm1xxHd5RQfUqGQgEKhAIACoHCAowk_vcCjDo688BMLr6iAI?hl=ko&gl=KR&ceid=KR%3Ako
與 “박근혜 정부서도 불법 사찰 계속”…野 “노무현 정부때도 국정원 사찰”,동아일보,./articles/CBMiRGh0dHBzOi8vd3d3LmRvbmdhLmNvbS9uZXdzL1BvbGl0aWNzL2FydGljbGUvYWxsLzIwMjEwMjE3LzEwNTQ3MDc0Mi8x0gE3aHR0cHM6Ly93d3cuZG9uZ2EuY29tL25ld3MvYW1wL2FsbC8yMDIxMDIxNy8xMDU0NzA3NDIvMQ?hl=ko&gl=KR&ceid=KR%3Ako
[속보] 귀뚜라미보일러 아산공장 관련 4명 추가 확진…누적 121명,아시아경제,./articles/CBMiMmh0dHBzOi8vY20uYXNpYWUuY28ua3IvYXJ0aWNsZS8yMDIxMDIxNzE2MTI0NjUyMzY20gE5aHR0cHM6Ly9jbS5hc2lhZS5jby5rci9hbXB2aWV3Lmh0bT9ubz0yMDIxMDIxNzE2MTI0NjUyMzY2?hl=ko&gl=KR&ceid=KR%3Ako
동국제강 노동자 6.3t 철강 코일에 끼어 숨져...1년 전에도 사망 사고 / YTN,YTN news,./articles/CCAiC2puYTJwbzN2WDFvmAEB?hl=ko&gl=KR&ceid=KR%3Ako
서울대병원 소아마취과 교수 코로나 확진…사흘 간 수술 참여,동아일보,./articles/CBMiQ2h0dHBzOi8vd3d3LmRvbmdhLmNvbS9uZXdzL1NvY2lldHkvYXJ0aWNsZS9hbGwvMjAyMTAyMTcvMTA1NDcwMDUwLzHSATdodHRwczovL3d3dy5kb25nYS5jb20vbmV3cy9hbXAvYWxsLzIwMjEwMjE3LzEwNTQ3MDA1MC8x?hl=ko&gl=KR&ceid=KR%3Ako
“올해 신체검사가 내일(17일)부터 시작됩니다. 확 바뀐 현역 기준 알려드립니다”,위키트리 WIKITREE,./articles/CAIiEFXMdu1P3ldlk8wiDEwYlrYqGQgEKhAIACoHCAowtN_4CjCNp98CMP284gY?hl=ko&gl=KR&ceid=KR%3Ako
백기완 선생 시민분향소 찾은 김경수 경남지사,OhmynewsTV,./articles/CCAiC1VJYVYyVV9ZZlk4mAEB?hl=ko&gl=KR&ceid=KR%3Ako
"日도 백신 접종 시작…1호 접종 병원장 ""하나도 안 아파"" - 중앙일보",중앙일보,./articles/CBMiJ2h0dHBzOi8vbmV3cy5qb2lucy5jb20vYXJ0aWNsZS8yMzk5NDA3NNIBK2h0dHBzOi8vbW5ld3Muam9pbnMuY29tL2FtcGFydGljbGUvMjM5OTQwNzQ?hl=ko&gl=KR&ceid=KR%3Ako
인천서 집단감염 관련 2명 포함 17명 확진…1명 사망,서울경제신문,./articles/CBMiK2h0dHBzOi8vd3d3LnNlZGFpbHkuY29tL05ld3NWSWV3LzIySUtHR0hDQUfSAQA?hl=ko&gl=KR&ceid=KR%3Ako
"국정원 ""MB 정부 사찰은 불법""...국회 의결하면 보고",YTN,./articles/CAIiEH42ITccZtPP4PO9h1yiKggqGQgEKhAIACoHCAowk_vcCjDo688BMLr6iAI?hl=ko&gl=KR&ceid=KR%3Ako
귀뚜라미보일러 아산공장 관련 4명 더 확진…누적 121명 - 매일경제,매일경제,./articles/CBMiNmh0dHBzOi8vd3d3Lm1rLmNvLmtyL25ld3Mvc29jaWV0eS92aWV3LzIwMjEvMDIvMTU4NTQ0L9IBOGh0dHBzOi8vbS5tay5jby5rci9uZXdzL3NvY2lldHkvdmlldy1hbXAvMjAyMS8wMi8xNTg1NDQv?hl=ko&gl=KR&ceid=KR%3Ako
[날씨] 내일도 강추위...체감 온도 영하권 / YTN,YTN news,./articles/CCAiC3EzVGxlNFI5bzFBmAEB?hl=ko&gl=KR&ceid=KR%3Ako
‘위안부는 매춘’ 논문에 하버드대 총장 “학문의 자유”… 반크 “나치 두둔해도 그럴 텐가”,조선일보,./articles/CBMiRmh0dHBzOi8vd3d3LmNob3N1bi5jb20vbmF0aW9uYWwvMjAyMS8wMi8xNy9SR0dMQ0tESldOQkk1Q0JRSlc3RlEzTjdFVS_SAVVodHRwczovL3d3dy5jaG9zdW4uY29tL25hdGlvbmFsLzIwMjEvMDIvMTcvUkdHTENLREpXTkJJNUNCUUpXN0ZRM043RVUvP291dHB1dFR5cGU9YW1w?hl=ko&gl=KR&ceid=KR%3Ako
[날씨] 내일 오늘보다 더 추워...한낮에도 영하권 / YTN,YTN news,./articles/CCAiCzNIeTlSOFAwV0hVmAEB?hl=ko&gl=KR&ceid=KR%3Ako
"""머구리 잠수복 입고 헤엄 귀순, 北군인 아닌 민간인 가능성"" - 중앙일보",중앙일보,./articles/CBMiJ2h0dHBzOi8vbmV3cy5qb2lucy5jb20vYXJ0aWNsZS8yMzk5Mzc4NdIBK2h0dHBzOi8vbW5ld3Muam9pbnMuY29tL2FtcGFydGljbGUvMjM5OTM3ODU?hl=ko&gl=KR&ceid=KR%3Ako
"문 대통령의 백기완 선생 조문, 알려지지 않은 장면",미디어오늘,./articles/CAIiEAJvUlZJ4aTI9ji00EuXRRYqGQgEKhAIACoHCAowp4_cCjDBrM0BMOOZhQI?hl=ko&gl=KR&ceid=KR%3Ako
거리두기 개편 초안 다음주 공개…“소상공인 등 의견 수렴할 것”,한겨레,./articles/CBMiNWh0dHA6Ly93d3cuaGFuaS5jby5rci9hcnRpL3NvY2lldHkvaGVhbHRoLzk4MzE3Ni5odG1s0gEA?hl=ko&gl=KR&ceid=KR%3Ako
박영선-우상호 첫 TV 토론…부동산 공약 놓고 격돌 / SBS,SBS 뉴스,./articles/CCAiCzZHX21xN2F3MEJBmAEB?hl=ko&gl=KR&ceid=KR%3Ako
"올해 초등 6학년, 고교 들어갈때 학점제 도입된다 [Q&A] - 매일경제",매일경제,./articles/CAIiEBsp9G-ZN2hmw_f7NycVi7sqGQgEKhAIACoHCAow2t-aCDDArqABMJ345AU?hl=ko&gl=KR&ceid=KR%3Ako
우려가 현실로...설 연휴 모임 고리 곳곳 연쇄 감염 / YTN,YTN news,./articles/CCAiC0lIWGFwaHZkcUhrmAEB?hl=ko&gl=KR&ceid=KR%3Ako
"조카 손발 묶은뒤 물고문, 한번 더 있었다…이모 살인죄 적용 - 중앙일보",중앙일보,./articles/CBMiJ2h0dHBzOi8vbmV3cy5qb2lucy5jb20vYXJ0aWNsZS8yMzk5NDA5N9IBK2h0dHBzOi8vbW5ld3Muam9pbnMuY29tL2FtcGFydGljbGUvMjM5OTQwOTc?hl=ko&gl=KR&ceid=KR%3Ako
이용수 할머니 “램자이어 교수 무시하세요” : 국제일반 : 국제 : 뉴스,한겨레,./articles/CBMiSmh0dHA6Ly93d3cuaGFuaS5jby5rci9hcnRpL2ludGVybmF0aW9uYWwvaW50ZXJuYXRpb25hbF9nZW5lcmFsLzk4MzMyNi5odG1s0gEA?hl=ko&gl=KR&ceid=KR%3Ako
"SK바이오사이언스, 노바백스 백신 2000만명분 국내 공급 계약",조선비즈,./articles/CBMiR2h0dHBzOi8vYml6LmNob3N1bi5jb20vc2l0ZS9kYXRhL2h0bWxfZGlyLzIwMjEvMDIvMTYvMjAyMTAyMTYwMTI1Mi5odG1s0gFDaHR0cHM6Ly9tLmJpei5jaG9zdW4uY29tL25ld3MvYXJ0aWNsZS5hbXAuaHRtbD9jb250aWQ9MjAyMTAyMTYwMTI1Mg?hl=ko&gl=KR&ceid=KR%3Ako
'5·18 가두방송' 전옥주 씨 별세…향년 72세,오마이뉴스,./articles/CBMiX2h0dHA6Ly93d3cub2hteW5ld3MuY29tL05XU19XZWIvVmlldy9hdF9wZy5hc3B4P0NOVE5fQ0Q9QTAwMDI3MTk5NzAmUEFHRV9DRD1OMDAwMiZDTVBUX0NEPU0wMTEy0gFBaHR0cDovL20ub2hteW5ld3MuY29tL05XU19XZWIvTW9iaWxlL2FtcC5hc3B4P0NOVE5fQ0Q9QTAwMDI3MTk5NzA?hl=ko&gl=KR&ceid=KR%3Ako
대법원 찾아간 야당 법사위원 사퇴 요구에 김명수 “사퇴 뜻 없다”,한겨레,./articles/CBMiPmh0dHA6Ly93d3cuaGFuaS5jby5rci9hcnRpL3NvY2lldHkvc29jaWV0eV9nZW5lcmFsLzk4MzM5NS5odG1s0gEA?hl=ko&gl=KR&ceid=KR%3Ako
아산 보일러 공장 감염 확산…온풍기 등에서 바이러스 검출 [뉴스 9],뉴스TVCHOSUN,./articles/CCAiC3A3Y3J3enc5dWhnmAEB?hl=ko&gl=KR&ceid=KR%3Ako
"[날씨] 다시 한겨울, 서울 -6.7℃...낮 동안 곳곳 함박눈 / YTN",YTN news,./articles/CCAiCzR1WU9QanlxekVvmAEB?hl=ko&gl=KR&ceid=KR%3Ako
"[자막뉴스] '평균자산 186억 원' 호화 즐기던 '영앤리치', 알고 보니... / YTN",YTN news,./articles/CCAiC2o1ZW9HM1AzU1JnmAEB?hl=ko&gl=KR&ceid=KR%3Ako
"사망 전날 힘없이 늘어진 정인이…""배가 가스찬 듯 튀어나와"" - 중앙일보",중앙일보,./articles/CBMiJ2h0dHBzOi8vbmV3cy5qb2lucy5jb20vYXJ0aWNsZS8yMzk5NDM3MtIBK2h0dHBzOi8vbW5ld3Muam9pbnMuY29tL2FtcGFydGljbGUvMjM5OTQzNzI?hl=ko&gl=KR&ceid=KR%3Ako
아동학대 인천 어린이집 교사 6명과 원장 검찰로 송치,조선일보,./articles/CBMiYGh0dHBzOi8vd3d3LmNob3N1bi5jb20vbmF0aW9uYWwvcmVnaW9uYWwvZ3llb25nZ2ktaW5jaGVvbi8yMDIxLzAyLzE3L1RORlpNUkwyR1pGWjNJRVRWNjMzT1ZWUFhFL9IBb2h0dHBzOi8vd3d3LmNob3N1bi5jb20vbmF0aW9uYWwvcmVnaW9uYWwvZ3llb25nZ2ktaW5jaGVvbi8yMDIxLzAyLzE3L1RORlpNUkwyR1pGWjNJRVRWNjMzT1ZWUFhFLz9vdXRwdXRUeXBlPWFtcA?hl=ko&gl=KR&ceid=KR%3Ako
"[뉴있저] '세월호 구조 실패' 해경 지휘부, 1심 무죄...유가족 입장은? / YTN",YTN news,./articles/CCAiCzdTRWZwS3lZYVVvmAEB?hl=ko&gl=KR&ceid=KR%3Ako
"허경환 ‘허닭'서 27억 빼돌린 동업자, 징역 3년 6개월 실형",조선일보,./articles/CBMiUGh0dHBzOi8vd3d3LmNob3N1bi5jb20vbmF0aW9uYWwvY291cnRfbGF3LzIwMjEvMDIvMTcvQks3SU5MN0pXSkdLM0RHNlFCREdFQ1lSRE0v0gFfaHR0cHM6Ly93d3cuY2hvc3VuLmNvbS9uYXRpb25hbC9jb3VydF9sYXcvMjAyMS8wMi8xNy9CSzdJTkw3SldKR0szREc2UUJER0VDWVJETS8_b3V0cHV0VHlwZT1hbXA?hl=ko&gl=KR&ceid=KR%3Ako
"정세균 “다시 600명대, 방역의식 해이 우려”…'2차 야간 술자리'도 지적",한겨레,./articles/CBMiQGh0dHA6Ly93d3cuaGFuaS5jby5rci9hcnRpL3BvbGl0aWNzL3BvbGl0aWNzX2dlbmVyYWwvOTgzMjk2Lmh0bWzSAQA?hl=ko&gl=KR&ceid=KR%3Ako
"임성근 퇴임 이틀 앞두고... 헌재, 26일 ‘탄핵 심판' 첫 재판",조선일보,./articles/CBMiUGh0dHBzOi8vd3d3LmNob3N1bi5jb20vbmF0aW9uYWwvY291cnRfbGF3LzIwMjEvMDIvMTcvQTNVQ0dNQkg2UkZWTEhFUFg2S0ZIWFhWR1Ev0gFfaHR0cHM6Ly93d3cuY2hvc3VuLmNvbS9uYXRpb25hbC9jb3VydF9sYXcvMjAyMS8wMi8xNy9BM1VDR01CSDZSRlZMSEVQWDZLRkhYWFZHUS8_b3V0cHV0VHlwZT1hbXA?hl=ko&gl=KR&ceid=KR%3Ako
"‘국민이 믿고 AZ백신 맞아도 되나?’ 물음에, 식약처장 “네” - 중앙일보",중앙일보,./articles/CBMiJ2h0dHBzOi8vbmV3cy5qb2lucy5jb20vYXJ0aWNsZS8yMzk5NDM2NNIBK2h0dHBzOi8vbW5ld3Muam9pbnMuY29tL2FtcGFydGljbGUvMjM5OTQzNjQ?hl=ko&gl=KR&ceid=KR%3Ako
38일 만에 6백 명대...영국 변이 바이러스 5명 추가 / YTN,YTN news,./articles/CCAiC0lJd1djSlVEWnFrmAEB?hl=ko&gl=KR&ceid=KR%3Ako
"맥도날드 직원 1년 넘게 탈의실 몰카, 그의 폰에 박사방 영상이...",조선일보,./articles/CBMiT2h0dHBzOi8vd3d3LmNob3N1bi5jb20vbmF0aW9uYWwvaW5jaWRlbnQvMjAyMS8wMi8xNy9UNUxKTUxCWUtSRldSTVZMU0I2WVFGUVVYNC_SAV5odHRwczovL3d3dy5jaG9zdW4uY29tL25hdGlvbmFsL2luY2lkZW50LzIwMjEvMDIvMTcvVDVMSk1MQllLUkZXUk1WTFNCNllRRlFVWDQvP291dHB1dFR5cGU9YW1w?hl=ko&gl=KR&ceid=KR%3Ako
"이성윤, ‘김학의 수사무마 의혹’ 보도 반박…“허위 사실”",동아일보,./articles/CBMiQ2h0dHBzOi8vd3d3LmRvbmdhLmNvbS9uZXdzL1NvY2lldHkvYXJ0aWNsZS9hbGwvMjAyMTAyMTcvMTA1NDU3NDYwLzHSATdodHRwczovL3d3dy5kb25nYS5jb20vbmV3cy9hbXAvYWxsLzIwMjEwMjE3LzEwNTQ1NzQ2MC8x?hl=ko&gl=KR&ceid=KR%3Ako
"[전체보기] 이재명 ""공공기관 이전, 공정의 가치에 부합하고 균형발전을 위한 길!""",OhmynewsTV,./articles/CCAiC2N3U1QxWDAzcmRzmAEB?hl=ko&gl=KR&ceid=KR%3Ako
시인 윤동주가 중국 조선족? 이번엔 국적 문제로 감정 마찰 / YTN,YTN news,./articles/CCAiC2lPNnBIYndvQ01BmAEB?hl=ko&gl=KR&ceid=KR%3Ako
"찬 겨울바다 6시간 수영한 북한주민, 저체온증 극복한 배경은",한겨레,./articles/CBMiN2h0dHA6Ly93d3cuaGFuaS5jby5rci9hcnRpL3BvbGl0aWNzL2RlZmVuc2UvOTgzMzkyLmh0bWzSAQA?hl=ko&gl=KR&ceid=KR%3Ako
[VOA 뉴스] “북한 '화이자' 해킹…코로나 '백신' 노려”,VOA 한국어,./articles/CCAiC25YQi1haDhfZlhnmAEB?hl=ko&gl=KR&ceid=KR%3Ako
삼중수소 유출없다? 검사보고서엔 “자연환경 누출 가능성”,미디어오늘,./articles/CAIiEJNOrIuz4S-ovWVcFfPFjkYqGQgEKhAIACoHCAowp4_cCjDBrM0BMOOZhQI?hl=ko&gl=KR&ceid=KR%3Ako
"생후 2주 아기 때려 숨지게 한 부모, 119 신고전 ‘멍 없애는 법’ 검색했다",조선일보,./articles/CBMiRmh0dHBzOi8vd3d3LmNob3N1bi5jb20vbmF0aW9uYWwvMjAyMS8wMi8xNy9SVjdHWVFCVEZKRkhMT0g1WkhPUDVXM1JNVS_SAVVodHRwczovL3d3dy5jaG9zdW4uY29tL25hdGlvbmFsLzIwMjEvMDIvMTcvUlY3R1lRQlRGSkZITE9INVpIT1A1VzNSTVUvP291dHB1dFR5cGU9YW1w?hl=ko&gl=KR&ceid=KR%3Ako
백기완 선생 빈소에 추모 행렬 이어져…19일 사회장 / JTBC 아침&,JTBC News,./articles/CCAiC3F5RTNRX1Y2RVhRmAEB?hl=ko&gl=KR&ceid=KR%3Ako
음주운전 꼼짝마...서울경찰청 한달간 대대적 단속,조선일보,./articles/CBMiRmh0dHBzOi8vd3d3LmNob3N1bi5jb20vbmF0aW9uYWwvMjAyMS8wMi8xNy9PM0NQNVZQNjNCRkdIRFZKTUZBSDc2NUpOTS_SAVVodHRwczovL3d3dy5jaG9zdW4uY29tL25hdGlvbmFsLzIwMjEvMDIvMTcvTzNDUDVWUDYzQkZHSERWSk1GQUg3NjVKTk0vP291dHB1dFR5cGU9YW1w?hl=ko&gl=KR&ceid=KR%3Ako
눈길에 15중 연쇄 추돌···닭 500마리 고속도로 날뛰었다 - 중앙일보,중앙일보,./articles/CBMiJ2h0dHBzOi8vbmV3cy5qb2lucy5jb20vYXJ0aWNsZS8yMzk5NDM5NNIBK2h0dHBzOi8vbW5ld3Muam9pbnMuY29tL2FtcGFydGljbGUvMjM5OTQzOTQ?hl=ko&gl=KR&ceid=KR%3Ako
"'위안부 망언' 램지어, 간토 조선인 대학살도 왜곡",YTN,./articles/CBMiMWh0dHBzOi8vd3d3Lnl0bi5jby5rci9fbG4vMDEwNF8yMDIxMDIxNzIyMTkwODMwNTjSAUNodHRwczovL20ueXRuLmNvLmtyL25ld3Nfdmlldy5hbXAucGhwP3BhcmFtPTAxMDRfMjAyMTAyMTcyMjE5MDgzMDU4?hl=ko&gl=KR&ceid=KR%3Ako
텍사스 400만 가구 블랙아웃 터졌다···위성으로 본 한파 위력 - 중앙일보,중앙일보,./articles/CBMiJ2h0dHBzOi8vbmV3cy5qb2lucy5jb20vYXJ0aWNsZS8yMzk5NDM0MNIBK2h0dHBzOi8vbW5ld3Muam9pbnMuY29tL2FtcGFydGljbGUvMjM5OTQzNDA?hl=ko&gl=KR&ceid=KR%3Ako
미얀마 '군부 쿠데타 저항 시위' 최대인파 집결,한국어 방송 - VOA Korean,./articles/CAIiEIrto5QMst1WWGDNIOhmVh4qFwgEKg8IACoHCAow1__3ATDTxxYwr6Qq?hl=ko&gl=KR&ceid=KR%3Ako
두바이 공주 화장실서 SOS “아버지가 빌라 감옥에 가뒀다”,동아일보,./articles/CBMiQWh0dHBzOi8vd3d3LmRvbmdhLmNvbS9uZXdzL0ludGVyL2FydGljbGUvYWxsLzIwMjEwMjE3LzEwNTQ2NjY3MS8x0gE3aHR0cHM6Ly93d3cuZG9uZ2EuY29tL25ld3MvYW1wL2FsbC8yMDIxMDIxNy8xMDU0NjY2NzEvMQ?hl=ko&gl=KR&ceid=KR%3Ako
"동일본대지진 10년이나 됐는데… 여진은 '지금도, 앞으로도'",부산일보,./articles/CBMiQWh0dHA6Ly93d3cuYnVzYW4uY29tL3ZpZXcvYnVzYW4vdmlldy5waHA_Y29kZT0yMDIxMDIxNjE4MTYwNjU2ODM10gEA?hl=ko&gl=KR&ceid=KR%3Ako
곱창밴드가 뭐길래...美 영부인의 깜짝 센스 화제,한국일보,./articles/CBMiOmh0dHBzOi8vd3d3Lmhhbmtvb2tpbGJvLmNvbS9OZXdzL1JlYWQvQTIwMjEwMjE3MjAxMjAwMDIwMTbSAQA?hl=ko&gl=KR&ceid=KR%3Ako
절벽서 다정하게 사진 찍고... 보험금 노린 남편은 아내 밀어버렸다,조선일보,./articles/CBMiUWh0dHBzOi8vd3d3LmNob3N1bi5jb20vaW50ZXJuYXRpb25hbC90b3BpYy8yMDIxLzAyLzE3LzNISTRJTEg0TkZHVUJCTldJT0ZNTk9LVk5RL9IBYGh0dHBzOi8vd3d3LmNob3N1bi5jb20vaW50ZXJuYXRpb25hbC90b3BpYy8yMDIxLzAyLzE3LzNISTRJTEg0TkZHVUJCTldJT0ZNTk9LVk5RLz9vdXRwdXRUeXBlPWFtcA?hl=ko&gl=KR&ceid=KR%3Ako
주일미군 분담금 1.2% 늘어난 2조 1천억 합의 / SBS,SBS 뉴스,./articles/CCAiCzJETHhxdlBZd3hvmAEB?hl=ko&gl=KR&ceid=KR%3Ako
"트럼프, 공화당 경선 개입 밝혀…공화당 내전 점화 : 미국·중남미 : 국제 : 뉴스",한겨레,./articles/CBMiPGh0dHA6Ly93d3cuaGFuaS5jby5rci9hcnRpL2ludGVybmF0aW9uYWwvYW1lcmljYS85ODMzMTAuaHRtbNIBAA?hl=ko&gl=KR&ceid=KR%3Ako
"英서 새 변이 바이러스 확인…""완치자·백신 접종자 위협"" - 중앙일보",중앙일보,./articles/CBMiJ2h0dHBzOi8vbmV3cy5qb2lucy5jb20vYXJ0aWNsZS8yMzk5MzQzMNIBK2h0dHBzOi8vbW5ld3Muam9pbnMuY29tL2FtcGFydGljbGUvMjM5OTM0MzA?hl=ko&gl=KR&ceid=KR%3Ako
시티은행 역대급 송금 실수... 5500억원 못 돌려받을 판,조선일보,./articles/CBMiTmh0dHBzOi8vd3d3LmNob3N1bi5jb20vaW50ZXJuYXRpb25hbC91cy8yMDIxLzAyLzE3L0JGNFNSNVNKQjVDU1pEWlBYTFVWSDdMQkdBL9IBXWh0dHBzOi8vd3d3LmNob3N1bi5jb20vaW50ZXJuYXRpb25hbC91cy8yMDIxLzAyLzE3L0JGNFNSNVNKQjVDU1pEWlBYTFVWSDdMQkdBLz9vdXRwdXRUeXBlPWFtcA?hl=ko&gl=KR&ceid=KR%3Ako
"이인영, 이번엔 “경제실패 자인한 김정은, 젊은 지도자답게 솔직”",조선일보,./articles/CBMiV2h0dHBzOi8vd3d3LmNob3N1bi5jb20vcG9saXRpY3MvcG9saXRpY3NfZ2VuZXJhbC8yMDIxLzAyLzE3L09OVVA1TFFRWE5IRFZPTDM3S0FCNUNCUE9RL9IBZmh0dHBzOi8vd3d3LmNob3N1bi5jb20vcG9saXRpY3MvcG9saXRpY3NfZ2VuZXJhbC8yMDIxLzAyLzE3L09OVVA1TFFRWE5IRFZPTDM3S0FCNUNCUE9RLz9vdXRwdXRUeXBlPWFtcA?hl=ko&gl=KR&ceid=KR%3Ako
"TV 보고 골프친 트럼프와 다르네... 바이든 출근전 산책, 7시 칼퇴",조선일보,./articles/CBMiTmh0dHBzOi8vd3d3LmNob3N1bi5jb20vaW50ZXJuYXRpb25hbC91cy8yMDIxLzAyLzE3L0k2NzNWRUNVQVpHM05JT0pCWFZXNEEyV0ZRL9IBXWh0dHBzOi8vd3d3LmNob3N1bi5jb20vaW50ZXJuYXRpb25hbC91cy8yMDIxLzAyLzE3L0k2NzNWRUNVQVpHM05JT0pCWFZXNEEyV0ZRLz9vdXRwdXRUeXBlPWFtcA?hl=ko&gl=KR&ceid=KR%3Ako
日 오늘부터 코로나 백신 접종...美 넉달 만에 신규 확진 최저치 / YTN,YTN news,./articles/CCAiC0ttLVZLUG1nRVFnmAEB?hl=ko&gl=KR&ceid=KR%3Ako
"‘변이'와 ‘변이'가 만났다, 독성 강한 수퍼 코로나 나오나",조선일보,./articles/CBMiTWh0dHBzOi8vd3d3LmNob3N1bi5jb20vZWNvbm9teS9zY2llbmNlLzIwMjEvMDIvMTcvNFVBSlFRSzJIUkc0Uk9VQ0tOUFhMUVVaQTQv0gFcaHR0cHM6Ly93d3cuY2hvc3VuLmNvbS9lY29ub215L3NjaWVuY2UvMjAyMS8wMi8xNy80VUFKUVFLMkhSRzRST1VDS05QWExRVVpBNC8_b3V0cHV0VHlwZT1hbXA?hl=ko&gl=KR&ceid=KR%3Ako
“현실판 원더우먼” 눈보라 속 트럭 밀어올린 英여성 [영상],국민일보,./articles/CBMiRmh0dHA6Ly9uZXdzLmttaWIuY28ua3IvYXJ0aWNsZS92aWV3LmFzcD9hcmNpZD0wMDE1NTM5MjQzJmNvZGU9NjExMzE2MTHSATFodHRwOi8vbS5rbWliLmNvLmtyL3ZpZXdfYW1wLmFzcD9hcmNpZD0wMDE1NTM5MjQz?hl=ko&gl=KR&ceid=KR%3Ako
美 텍사스 역대급 강추위..유전도 마비(종합),아시아경제,./articles/CBMiPGh0dHBzOi8vY20uYXNpYWUuY28ua3IvYXJ0aWNsZS93b3JsZC1hbGwvMjAyMTAyMTYxMTM0MTI4NzE3N9IBOWh0dHBzOi8vY20uYXNpYWUuY28ua3IvYW1wdmlldy5odG0_bm89MjAyMTAyMTYxMTM0MTI4NzE3Nw?hl=ko&gl=KR&ceid=KR%3Ako
“배에 바람 들어오더니 임신”... 인도네시아 여성 황당 주장,조선일보,./articles/CBMiUGh0dHBzOi8vd3d3LmNob3N1bi5jb20vaW50ZXJuYXRpb25hbC9hc2lhLzIwMjEvMDIvMTYvSE8yM0hGVENJQkRQN0ZNVzZLVlBCTURZQUEv0gFfaHR0cHM6Ly93d3cuY2hvc3VuLmNvbS9pbnRlcm5hdGlvbmFsL2FzaWEvMjAyMS8wMi8xNi9ITzIzSEZUQ0lCRFA3Rk1XNktWUEJNRFlBQS8_b3V0cHV0VHlwZT1hbXA?hl=ko&gl=KR&ceid=KR%3Ako
"이스라엘 임산부 코로나19 확진 뒤 태아 사망…""뱃속에서 코로나 감염""",JTBC,./articles/CBMiNGh0dHBzOi8vbmV3cy5qdGJjLmpvaW5zLmNvbS9odG1sLzcyMi9OQjExOTkyNzIyLmh0bWzSAQA?hl=ko&gl=KR&ceid=KR%3Ako
'조선인이 우물에 독 탔다' 7.3 강진 덮친 日에 퍼진 가짜뉴스…자정 촉구 목소리도,아시아경제,./articles/CBMiQGh0dHBzOi8vY20uYXNpYWUuY28ua3IvcmFua2luZy12aWV3LzIwMjEwMjE2LzIwMjEwMjE1MTcyODUwMjE0ODHSATlodHRwczovL2NtLmFzaWFlLmNvLmtyL2FtcHZpZXcuaHRtP25vPTIwMjEwMjE1MTcyODUwMjE0ODE?hl=ko&gl=KR&ceid=KR%3Ako
"[영상] ""재개 꿈 접어야 하냐"" 개성공단 기업들의 외침 / YTN",YTN news,./articles/CCAiC3h1V1VTWHlERWJFmAEB?hl=ko&gl=KR&ceid=KR%3Ako
화이자는 이렇게 많은 부작용 없었다…프랑스 아스트라 접종 중단 - 매일경제,매일경제,./articles/CAIiECJjtpUhiVEtR7IzyGM2cQgqGQgEKhAIACoHCAow2t-aCDDArqABMI6L7AU?hl=ko&gl=KR&ceid=KR%3Ako
가석방 거부…15세 들어가 83세 출소한 美최장기 ‘소년 수감자’,동아일보,./articles/CBMiQWh0dHBzOi8vd3d3LmRvbmdhLmNvbS9uZXdzL0ludGVyL2FydGljbGUvYWxsLzIwMjEwMjE2LzEwNTQzODE0MS8x0gE3aHR0cHM6Ly93d3cuZG9uZ2EuY29tL25ld3MvYW1wL2FsbC8yMDIxMDIxNi8xMDU0MzgxNDEvMQ?hl=ko&gl=KR&ceid=KR%3Ako
AI가 '수학 공식'을 만들기 시작했다,Science Times,./articles/CBMioAFodHRwczovL3d3dy5zY2llbmNldGltZXMuY28ua3IvbmV3cy9haSVFQSVCMCU4MC0lRUMlODglOTglRUQlOTUlOTktJUVBJUIzJUI1JUVDJThCJTlEJUVDJTlEJTg0LSVFQiVBNyU4QyVFQiU5MyVBNCVFQSVCOCVCMC0lRUMlOEIlOUMlRUMlOUUlOTElRUQlOTYlODglRUIlOEIlQTQv0gEA?hl=ko&gl=KR&ceid=KR%3Ako
트럼프 탄핵안 부결되던 지난 주말...손녀랑 마리오카트 게임 즐긴 바이든,조선일보,./articles/CBMiS2h0dHBzOi8vd3d3LmNob3N1bi5jb20vaW50ZXJuYXRpb25hbC8yMDIxLzAyLzE2L0dHR0E3M0dZT0ZGTFJBMlRLRlhUSE5TWVdJL9IBWmh0dHBzOi8vd3d3LmNob3N1bi5jb20vaW50ZXJuYXRpb25hbC8yMDIxLzAyLzE2L0dHR0E3M0dZT0ZGTFJBMlRLRlhUSE5TWVdJLz9vdXRwdXRUeXBlPWFtcA?hl=ko&gl=KR&ceid=KR%3Ako
"美 학술지 ""램지어 논문에 제기된 우려 조사 중""",YTN,./articles/CAIiEBWHhzSvJS1UkF6JUkeGHQMqGQgEKhAIACoHCAowk_vcCjDo688BMLr6iAI?hl=ko&gl=KR&ceid=KR%3Ako
[글로벌 나우] 트럼프 탄핵 부결… “책임 면한 것 아냐”,VOA 한국어,./articles/CCAiC3JGMXhWbUtwNUJNmAEB?hl=ko&gl=KR&ceid=KR%3Ako
"[VOA 뉴스] “북한, 중국 외 무역도 '급감'…'경제난' 가중”",VOA 한국어,./articles/CCAiC0lCekpuQmFPNEJNmAEB?hl=ko&gl=KR&ceid=KR%3Ako
"[여성, 정치를 하다](21)권력의 부패와 환경파괴에 맞서…3000만그루의 ‘민주주의’를 심다",경향신문,./articles/CAIiEOjJSspsBaDv5jy7eksYeMwqMwgEKioIACIQaumgPuIS3fQ-PHwmf177hyoUCAoiEGrpoD7iEt30Pjx8Jn9e-4cwr4LlBg?hl=ko&gl=KR&ceid=KR%3Ako
에이치엘비發 바이오株 악재…코스닥 발목 잡을까,이데일리,./articles/CAIiEAfMuoEQJOybbBX0J0MF_Q0qGQgEKhAIACoHCAowgvDcCjCoxM8BMI-iiwI?hl=ko&gl=KR&ceid=KR%3Ako
"2030, 작년 해외여행 대신 골프장 가고 수입차 샀다 - 중앙일보",중앙일보,./articles/CBMiJ2h0dHBzOi8vbmV3cy5qb2lucy5jb20vYXJ0aWNsZS8yMzk5NDUwOdIBK2h0dHBzOi8vbW5ld3Muam9pbnMuY29tL2FtcGFydGljbGUvMjM5OTQ1MDk?hl=ko&gl=KR&ceid=KR%3Ako
옵티머스 계약취소 검토 마무리… 伊헬스케어펀드 판매자 수사 의뢰,서울경제신문,./articles/CBMiK2h0dHBzOi8vd3d3LnNlZGFpbHkuY29tL05ld3NWSWV3LzIySUtIQURPU0HSAQA?hl=ko&gl=KR&ceid=KR%3Ako
"김병욱 의원, 한국대부금융협회 회장 선거 논란 관련 금융위·금감원에게 적극적인 조사 및 조치 약속받아",한국분양정보,./articles/CBMiPGh0dHA6Ly93d3cuaWRyZWFtYmFuay5jb20vbmV3cy9hcnRpY2xlVmlldy5odG1sP2lkeG5vPTM1NDYwNtIBAA?hl=ko&gl=KR&ceid=KR%3Ako
‘배터리 패소’ SK이노 주가 원상회복…외인과 기관이 담았다,동아일보,./articles/CBMiQ2h0dHBzOi8vd3d3LmRvbmdhLmNvbS9uZXdzL0Vjb25vbXkvYXJ0aWNsZS9hbGwvMjAyMTAyMTcvMTA1NDY3MDczLzHSATdodHRwczovL3d3dy5kb25nYS5jb20vbmV3cy9hbXAvYWxsLzIwMjEwMjE3LzEwNTQ2NzA3My8x?hl=ko&gl=KR&ceid=KR%3Ako
미국에 불어닥친 한파…삼성전자 오스틴 공장 멈췄다,한국경제,./articles/CAIiEDS1_6KMHMkY_Ok04jdIeYwqGQgEKhAIACoHCAow0__cCjDUitABMKO_jQY?hl=ko&gl=KR&ceid=KR%3Ako
뉴스라인 진화하는 편법증여…아파트 위험하니 '레지던스'로,KBS뉴스,./articles/CBMiL2h0dHBzOi8vbmV3cy5rYnMuY28ua3IvbmV3cy92aWV3LmRvP25jZD01MTIwNDgx0gEA?hl=ko&gl=KR&ceid=KR%3Ako
12월 통화량 한 달 새 13조↑…가계 9조 늘어,파이낸스 투데이,./articles/CBMiO2h0dHA6Ly93d3cuZm50b2RheS5jby5rci9uZXdzL2FydGljbGVWaWV3Lmh0bWw_aWR4bm89MjQ4NDU20gEA?hl=ko&gl=KR&ceid=KR%3Ako
GM·포드도 멈춰세운 美 역대급 한파…기후의 역습 시작됐다,한국경제,./articles/CAIiEJztMTSfgHo6goldPbJWrUwqGQgEKhAIACoHCAow0__cCjDUitABMMXcrgY?hl=ko&gl=KR&ceid=KR%3Ako
"“10만달러 간다” vs “역대급 거품""...비트코인 둘러싼 갑론을박",조선비즈,./articles/CBMiR2h0dHBzOi8vYml6LmNob3N1bi5jb20vc2l0ZS9kYXRhL2h0bWxfZGlyLzIwMjEvMDIvMTcvMjAyMTAyMTcwMTg0Ni5odG1s0gFDaHR0cHM6Ly9tLmJpei5jaG9zdW4uY29tL25ld3MvYXJ0aWNsZS5hbXAuaHRtbD9jb250aWQ9MjAyMTAyMTcwMTg0Ng?hl=ko&gl=KR&ceid=KR%3Ako
백신 `아스트라제네카` 품질검정 통과…이달중 `첫 접종 사용`,경인일보,./articles/CBMiO2h0dHA6Ly93d3cua3llb25naW4uY29tL21haW4vdmlldy5waHA_a2V5PTIwMjEwMjE3MDEwMDAzMDg20gEA?hl=ko&gl=KR&ceid=KR%3Ako
"日, 내일 의료종사자 4만명 대상 코로나 백신 접종 시작(종합)",연합뉴스,./articles/CBMiL2h0dHBzOi8vd3d3LnluYS5jby5rci92aWV3L0FLUjIwMjEwMjE2MTYwNDUxMDcz0gExaHR0cHM6Ly9tLnluYS5jby5rci9hbXAvdmlldy9BS1IyMDIxMDIxNjE2MDQ1MTA3Mw?hl=ko&gl=KR&ceid=KR%3Ako
"[기자가 간다] 중기중앙회, 권칠승 중기부 장관과 첫 간담회",팍스경제TV,./articles/CAIiEBOYgaGRQevdLyR43Fu5AzsqGQgEKhAIACoHCAow67KCCzC-pv8CMOnowwY?hl=ko&gl=KR&ceid=KR%3Ako
뉴스소상공인 경영·상권 회복 주력…'창업·투자·수출붐' 프로젝트 추진,한국방송뉴스,./articles/CBMiMWh0dHBzOi8vd3d3LmlrYm4ubmV3cy9uZXdzL2FydGljbGUuaHRtbD9ubz0xMTQ3MzLSAQA?hl=ko&gl=KR&ceid=KR%3Ako
"조용준 동구바이오제약 부회장, 한국제약협동조합 이사장 연임 - 매일경제",매일경제,./articles/CBMiMWh0dHBzOi8vd3d3Lm1rLmNvLmtyL25ld3MvaXQvdmlldy8yMDIxLzAyLzE1OTI1Ni_SATNodHRwczovL20ubWsuY28ua3IvbmV3cy9pdC92aWV3LWFtcC8yMDIxLzAyLzE1OTI1Ni8?hl=ko&gl=KR&ceid=KR%3Ako
중국 제외한 전기차 배터리 시장서 LG에너지솔루션 1위,조선비즈,./articles/CBMiR2h0dHBzOi8vYml6LmNob3N1bi5jb20vc2l0ZS9kYXRhL2h0bWxfZGlyLzIwMjEvMDIvMTcvMjAyMTAyMTcwMjgyOC5odG1s0gFDaHR0cHM6Ly9tLmJpei5jaG9zdW4uY29tL25ld3MvYXJ0aWNsZS5hbXAuaHRtbD9jb250aWQ9MjAyMTAyMTcwMjgyOA?hl=ko&gl=KR&ceid=KR%3Ako
동국제강에서 또 산재 사망…혼자 일하다 철강재에 껴 숨져 / KBS 2021.02.17.,KBS News,./articles/CCAiC3hQZE1GcXVJWW1NmAEB?hl=ko&gl=KR&ceid=KR%3Ako
'차등의결권' 때문에 미국 증시로? 쿠팡 내부서도 고개 갸웃,한겨레,./articles/CBMiPmh0dHA6Ly93d3cuaGFuaS5jby5rci9hcnRpL2Vjb25vbXkvZWNvbm9teV9nZW5lcmFsLzk4MzM0MC5odG1s0gEA?hl=ko&gl=KR&ceid=KR%3Ako
"산업부, 수출 플러스 전환·무역 1조달러 두 마리 토끼 잡는다",ZD넷 코리아,./articles/CBMiK2h0dHBzOi8vemRuZXQuY28ua3Ivdmlldy8_bm89MjAyMTAyMTcxMzE5NTnSAQA?hl=ko&gl=KR&ceid=KR%3Ako
"""신규 공공택지 25만 호 후보지 2분기까지 발표""",YTN,./articles/CAIiEM-_UrtbMx8_DiB7mXkCgREqGQgEKhAIACoHCAowk_vcCjDo688BMLr6iAI?hl=ko&gl=KR&ceid=KR%3Ako
中 ‘이항’ 주가 60% 폭락에 서학개미 눈앞 ‘캄캄’,동아일보,./articles/CBMiQ2h0dHBzOi8vd3d3LmRvbmdhLmNvbS9uZXdzL0Vjb25vbXkvYXJ0aWNsZS9hbGwvMjAyMTAyMTcvMTA1NDY3MDc2LzHSATdodHRwczovL3d3dy5kb25nYS5jb20vbmV3cy9hbXAvYWxsLzIwMjEwMjE3LzEwNTQ2NzA3Ni8x?hl=ko&gl=KR&ceid=KR%3Ako
대웅제약 “보톡스 제품 美 판매 이어간다”…하루만에 상황 반전,조선비즈,./articles/CBMiR2h0dHBzOi8vYml6LmNob3N1bi5jb20vc2l0ZS9kYXRhL2h0bWxfZGlyLzIwMjEvMDIvMTYvMjAyMTAyMTYwMTMxMy5odG1s0gFDaHR0cHM6Ly9tLmJpei5jaG9zdW4uY29tL25ld3MvYXJ0aWNsZS5hbXAuaHRtbD9jb250aWQ9MjAyMTAyMTYwMTMxMw?hl=ko&gl=KR&ceid=KR%3Ako
셀트리온 “코로나19 변이 치료제 6개월 내 2상 완료 계획”,청년의사,./articles/CBMiP2h0dHBzOi8vd3d3LmRvY2RvY2RvYy5jby5rci9uZXdzL2FydGljbGVWaWV3Lmh0bWw_aWR4bm89MjAwNzgxMtIBAA?hl=ko&gl=KR&ceid=KR%3Ako
"페이코인, 비트코인 결제 서비스 출시 - CoinDesk Korea 신뢰 그 이상의 가치",코인데스크코리아,./articles/CBMiP2h0dHBzOi8vd3d3LmNvaW5kZXNra29yZWEuY29tL25ld3MvYXJ0aWNsZVZpZXcuaHRtbD9pZHhubz03Mjc4MdIBAA?hl=ko&gl=KR&ceid=KR%3Ako
좋다 말았네…엔씨소프트 연봉 1천만원 인상 해프닝 - 매일경제,매일경제,./articles/CAIiECanIedUqLu5M2HFJemM2G0qGQgEKhAIACoHCAow2t-aCDDArqABMKKPxwY?hl=ko&gl=KR&ceid=KR%3Ako
시멘트 업계도 '탄소중립'…7개社 그린뉴딜위 출범,ZD넷 코리아,./articles/CBMiK2h0dHBzOi8vemRuZXQuY28ua3Ivdmlldy8_bm89MjAyMTAyMTcxMDM2MjDSAQA?hl=ko&gl=KR&ceid=KR%3Ako
"삼성전자, 스마트 주문·결제 솔루션 '삼성 키오스크' 출시",Samsung Newsroom Korea,./articles/CBMi0gFodHRwczovL25ld3Muc2Ftc3VuZy5jb20va3IvJUVDJTgyJUJDJUVDJTg0JUIxJUVDJUEwJTg0JUVDJTlFJTkwLSVFQyU4QSVBNCVFQiVBNyU4OCVFRCU4QSVCOC0lRUMlQTMlQkMlRUIlQUMlQjglQzIlQjclRUElQjIlQjAlRUMlQTAlOUMtJUVDJTg2JTk0JUVCJUEzJUE4JUVDJTg1JTk4LSVFQyU4MiVCQyVFQyU4NCVCMS0lRUQlODIlQTQlRUMlOTglQTQlRUMlOEElQTTSAQA?hl=ko&gl=KR&ceid=KR%3Ako
미 한파로 텍사스 전력 대란…삼성 반도체 공장 가동 중단,한겨레,./articles/CBMiSmh0dHA6Ly93d3cuaGFuaS5jby5rci9hcnRpL2ludGVybmF0aW9uYWwvaW50ZXJuYXRpb25hbF9nZW5lcmFsLzk4MzMzNS5odG1s0gEA?hl=ko&gl=KR&ceid=KR%3Ako
"26만가구 공공택지 내달부터 발표…홍남기 ""현금청산"" 재확인",한국경제,./articles/CAIiEHs6P8D1HketMuZ27suL1IgqGQgEKhAIACoHCAow0__cCjDUitABMMXcrgY?hl=ko&gl=KR&ceid=KR%3Ako
"기아차, K7 후속 'K8' 디자인 공개…새로운 로고 어때요?",모터그래프,./articles/CBMiPGh0dHBzOi8vd3d3Lm1vdG9yZ3JhcGguY29tL25ld3MvYXJ0aWNsZVZpZXcuaHRtbD9pZHhubz0yNzE3ONIBP2h0dHBzOi8vd3d3Lm1vdG9yZ3JhcGguY29tL25ld3MvYXJ0aWNsZVZpZXdBbXAuaHRtbD9pZHhubz0yNzE3OA?hl=ko&gl=KR&ceid=KR%3Ako
삼성 반도체 또 일냈다…메모리가 연산도 척척 - 매일경제,매일경제,./articles/CAIiEOt39MMLKSKbJporf6gN5uEqGQgEKhAIACoHCAow2t-aCDDArqABMKKPxwY?hl=ko&gl=KR&ceid=KR%3Ako
[뉴욕증시] 美 국채 금리 상승 경계감 속 혼조…다우 0.20%↑,블록미디어,./articles/CBMiLGh0dHBzOi8vd3d3LmJsb2NrbWVkaWEuY28ua3IvYXJjaGl2ZXMvMTY5OTY30gEA?hl=ko&gl=KR&ceid=KR%3Ako
[자막뉴스] 5999만원 가격표 붙인 테슬라…현대차도 압박?,연합뉴스TV,./articles/CBMiNmh0dHBzOi8vbS55b25oYXBuZXdzdHYuY28ua3IvbmV3cy9NWUgyMDIxMDIxNzAwNTMwMDY0MNIBAA?hl=ko&gl=KR&ceid=KR%3Ako
"빌 게이츠, 머스크 겨냥 “우주여행보다 백신·기후위기에 투자”",조선일보,./articles/CBMiTmh0dHBzOi8vd3d3LmNob3N1bi5jb20vaW50ZXJuYXRpb25hbC91cy8yMDIxLzAyLzE3L0lTQTQ3SE80TFJCR0ZHQUdYUEdKVVBNS080L9IBXWh0dHBzOi8vd3d3LmNob3N1bi5jb20vaW50ZXJuYXRpb25hbC91cy8yMDIxLzAyLzE3L0lTQTQ3SE80TFJCR0ZHQUdYUEdKVVBNS080Lz9vdXRwdXRUeXBlPWFtcA?hl=ko&gl=KR&ceid=KR%3Ako
은성수 “쌍용차 괜찮다면 살려야”…추가 지원 선회 시사,조선비즈,./articles/CBMiR2h0dHBzOi8vYml6LmNob3N1bi5jb20vc2l0ZS9kYXRhL2h0bWxfZGlyLzIwMjEvMDIvMTcvMjAyMTAyMTcwMjY0MC5odG1s0gFDaHR0cHM6Ly9tLmJpei5jaG9zdW4uY29tL25ld3MvYXJ0aWNsZS5hbXAuaHRtbD9jb250aWQ9MjAyMTAyMTcwMjY0MA?hl=ko&gl=KR&ceid=KR%3Ako
모든 공공기관에 최고데이터책임자 생긴다,ZD넷 코리아,./articles/CBMiK2h0dHBzOi8vemRuZXQuY28ua3Ivdmlldy8_bm89MjAyMTAyMTcxNTA3MjLSAQA?hl=ko&gl=KR&ceid=KR%3Ako
"최정우 포스코 회장, 잇단 안전사고 사망 대국민 사과 / YTN",YTN news,./articles/CCAiC2JSUFZub0RWcERJmAEB?hl=ko&gl=KR&ceid=KR%3Ako
｢회복·포용·도약 대한민국 2021｣ 07. 브랜드K,중소벤처기업부,./articles/CCAiC0ppMHJJcnFLaERJmAEB?hl=ko&gl=KR&ceid=KR%3Ako
"[ON 세계] WHO, '한국 생산' 아스트라제네카 승인...65세 이상 포함",TBS 시민의방송,./articles/CCAiC2g4Wks2TXE5MVM4mAEB?hl=ko&gl=KR&ceid=KR%3Ako
"[단독]현대차 ""삼성동 신사옥 105→50층 변경"" 국방부에 전달 - 중앙일보",중앙일보,./articles/CBMiJ2h0dHBzOi8vbmV3cy5qb2lucy5jb20vYXJ0aWNsZS8yMzk5NDIzMdIBK2h0dHBzOi8vbW5ld3Muam9pbnMuY29tL2FtcGFydGljbGUvMjM5OTQyMzE?hl=ko&gl=KR&ceid=KR%3Ako
"코로나 변이, 백신 신무기 ‘T세포’로 잡는다",조선일보,./articles/CBMiTWh0dHBzOi8vd3d3LmNob3N1bi5jb20vZWNvbm9teS9zY2llbmNlLzIwMjEvMDIvMTcvSk5VQkZGVEhEUkJRREdZWUVBSkVPRTREWVkv0gFcaHR0cHM6Ly93d3cuY2hvc3VuLmNvbS9lY29ub215L3NjaWVuY2UvMjAyMS8wMi8xNy9KTlVCRkZUSERSQlFER1lZRUFKRU9FNERZWS8_b3V0cHV0VHlwZT1hbXA?hl=ko&gl=KR&ceid=KR%3Ako
알바 자리도 없다…20대 임시·일용직 1년새 21.4만명 감소,JTBC,./articles/CBMiNGh0dHBzOi8vbmV3cy5qdGJjLmpvaW5zLmNvbS9odG1sLzY5Ny9OQjExOTkyNjk3Lmh0bWzSAQA?hl=ko&gl=KR&ceid=KR%3Ako
"국내에는 없는 차등의결권, 도입 필요성 놓고 찬반 논란 / YTN",YTN news,./articles/CCAiC3F3QTJqWUJOdVJVmAEB?hl=ko&gl=KR&ceid=KR%3Ako
수도권 민간택지 분양가상한제 주택 2~3년 의무거주 / 연합뉴스TV (YonhapnewsTV),연합뉴스TV,./articles/CCAiC1pQV01nQXduQk4wmAEB?hl=ko&gl=KR&ceid=KR%3Ako
"에쓰오일 과학문화재단, 물리·화학 연구자 30명 연구비 지원 - 매일경제",매일경제,./articles/CBMiN2h0dHBzOi8vd3d3Lm1rLmNvLmtyL25ld3MvYnVzaW5lc3Mvdmlldy8yMDIxLzAyLzE1MTE2NC_SATlodHRwczovL20ubWsuY28ua3IvbmV3cy9idXNpbmVzcy92aWV3LWFtcC8yMDIxLzAyLzE1MTE2NC8?hl=ko&gl=KR&ceid=KR%3Ako
"한국도로공사, Vision2030 선포…5대 사업 공표",국토일보,./articles/CBMiNmh0dHBzOi8vd3d3LmlrbGQua3IvbmV3cy9hcnRpY2xlVmlldy5odG1sP2lkeG5vPTIzMDc0NdIBAA?hl=ko&gl=KR&ceid=KR%3Ako
"""5년간 세도 못 놓는다니""…청약 노리던 실수요자 곡소리",뉴스플러스,./articles/CBMiSWh0dHA6Ly9yZWFsdHkuY2hvc3VuLmNvbS9zaXRlL2RhdGEvaHRtbF9kaXIvMjAyMS8wMi8xNi8yMDIxMDIxNjAyNTkwLmh0bWzSAQA?hl=ko&gl=KR&ceid=KR%3Ako
"[비즈&] 대상, 인도네시아 시장 공략…""10년 내 매출 1조 늘린다"" / 연합뉴스TV (YonhapnewsTV)",연합뉴스TV,./articles/CCAiC2xfOVo1MUt1dXc0mAEB?hl=ko&gl=KR&ceid=KR%3Ako
현대차·닛산·폭스바겐 줄줄이 협상 결렬…엔진 잃은 애플카,채널A 뉴스,./articles/CCAiC2tVaDQtUnBjN0ZZmAEB?hl=ko&gl=KR&ceid=KR%3Ako
"""한 세대 내 경험 못한 인플레 온다""···수상한 복귀 신호들 - 중앙일보",중앙일보,./articles/CBMiJ2h0dHBzOi8vbmV3cy5qb2lucy5jb20vYXJ0aWNsZS8yMzk5NDM3NdIBK2h0dHBzOi8vbW5ld3Muam9pbnMuY29tL2FtcGFydGljbGUvMjM5OTQzNzU?hl=ko&gl=KR&ceid=KR%3Ako
“제 학폭 미투는 거짓이었습니다” 조병규 누명 벗었다,조선일보,./articles/CBMiV2h0dHBzOi8vd3d3LmNob3N1bi5jb20vbmF0aW9uYWwvbmF0aW9uYWxfZ2VuZXJhbC8yMDIxLzAyLzE3L1dCWUtGVkRRNFpERFRPSzc0Uk5GRkQ2SE5ZL9IBZmh0dHBzOi8vd3d3LmNob3N1bi5jb20vbmF0aW9uYWwvbmF0aW9uYWxfZ2VuZXJhbC8yMDIxLzAyLzE3L1dCWUtGVkRRNFpERFRPSzc0Uk5GRkQ2SE5ZLz9vdXRwdXRUeXBlPWFtcA?hl=ko&gl=KR&ceid=KR%3Ako
"`찐경규` 이경규 이예림♥김영찬 상견례, 어색해 숨 멎는 줄 - 스타투데이",매일경제,./articles/CBMiOWh0dHBzOi8vd3d3Lm1rLmNvLmtyL3N0YXIvaG90LWlzc3Vlcy92aWV3LzIwMjEvMDIvMTU5MTg4L9IBO2h0dHBzOi8vbS5tay5jby5rci9zdGFyL2hvdC1pc3N1ZXMvdmlldy1hbXAvMjAyMS8wMi8xNTkxODgv?hl=ko&gl=KR&ceid=KR%3Ako
"야옹이 작가, '싱글맘' 고백에 이틀째 실검…남친 ♥전선욱도 '응원'",한국경제,./articles/CAIiELNCoUPPWgFRx7sJ9tWO_h0qGQgEKhAIACoHCAow0__cCjDUitABMMXcrgY?hl=ko&gl=KR&ceid=KR%3Ako
"이영자 ""어릴 때 오빠에게 당한 폭행…매순간 공포 영화 같았다""[언니한텐]",뉴스1,./articles/CAIiEOwXpMrRRFkaHUlyfNkyxaIqGQgEKhAIACoHCAow3tTdCjDn49MBMNPBjwI?hl=ko&gl=KR&ceid=KR%3Ako
"4 조병규, 세번째 학폭 의혹…“만나서도 발뺌할 수 있냐”",이데일리,./articles/CBMiS2h0dHBzOi8vd3d3LmVkYWlseS5jby5rci9uZXdzL3JlYWQ_bmV3c0lkPTAxNDAwNTY2NjI4OTUxNTA0Jm1lZGlhQ29kZU5vPTI1ONIBAA?hl=ko&gl=KR&ceid=KR%3Ako
한혜진 “쇼윈도 운동” 악플에 일침 “보디빌더 아냐”,스포츠경향,./articles/CBMiUmh0dHA6Ly9zcG9ydHMua2hhbi5jby5rci9zcG9ydHMvc2tfaW5kZXguaHRtbD9hcnRfaWQ9MjAyMTAyMTYwOTUxMDAzJnNlY19pZD01NDAxMDHSAQA?hl=ko&gl=KR&ceid=KR%3Ako
'부동산 풍자 논란' 기안84 '만화가 힘들어…뭘 해도 욕먹을 수밖에 없는 상황 돼',서울경제신문,./articles/CBMiK2h0dHBzOi8vd3d3LnNlZGFpbHkuY29tL05ld3NWaWV3LzIySUpaRzZaWkTSAQA?hl=ko&gl=KR&ceid=KR%3Ako
"`암투병` 최성봉 측 이틀간 숨 멎어 중태, 현재 회복 중[전문] - 스타투데이",매일경제,./articles/CBMiOWh0dHBzOi8vd3d3Lm1rLmNvLmtyL3N0YXIvaG90LWlzc3Vlcy92aWV3LzIwMjEvMDIvMTU3ODMwL9IBO2h0dHBzOi8vbS5tay5jby5rci9zdGFyL2hvdC1pc3N1ZXMvdmlldy1hbXAvMjAyMS8wMi8xNTc4MzAv?hl=ko&gl=KR&ceid=KR%3Ako
"조민아 ""결혼식 D-3, 여러 이유로 참석 못한다는 연락…이해하지만 허전""",뉴스1,./articles/CAIiEKvU7PxxkoPpn_pd0a5zy_0qGQgEKhAIACoHCAow3tTdCjDn49MBMKaakAI?hl=ko&gl=KR&ceid=KR%3Ako
"“진짜 인성…” 학폭으로 난리 난 조병규, 가장 친한 감독이 입 열었다",위키트리 WIKITREE,./articles/CAIiEPW3INu5WbZNH-yHJlwTtWUqGQgEKhAIACoHCAowtN_4CjCNp98CMLmi4gY?hl=ko&gl=KR&ceid=KR%3Ako
SBS '조선구마사' 지상파 킹덤될 수 있을까?,국제뉴스,./articles/CAIiEAcxMA2uyO71oMW-A8k6LTEqMwgEKioIACIQaQG9W1X4_0OL9OcKDPkNVSoUCAoiEGkBvVtV-P9Di_TnCgz5DVUw1__IBg?hl=ko&gl=KR&ceid=KR%3Ako
일간스포츠,일간스포츠,./articles/CBMiMWh0dHA6Ly9pc3BsdXMuam9pbnMuY29tL2FydGljbGUvODYzLzIzOTkzODYzLmh0bWzSAQA?hl=ko&gl=KR&ceid=KR%3Ako
별 “하하와 혼인신고 다음날 父 돌아가셔… 상주 자처해 고마웠다” 눈물,조선일보,./articles/CBMiXGh0dHBzOi8vd3d3LmNob3N1bi5jb20vZW50ZXJ0YWlubWVudHMvZW50ZXJ0YWluX3Bob3RvLzIwMjEvMDIvMTYvV01LMjNFSTZDRFZNQktOUFpQSlc0NzJCRVkv0gFraHR0cHM6Ly93d3cuY2hvc3VuLmNvbS9lbnRlcnRhaW5tZW50cy9lbnRlcnRhaW5fcGhvdG8vMjAyMS8wMi8xNi9XTUsyM0VJNkNEVk1CS05QWlBKVzQ3MkJFWS8_b3V0cHV0VHlwZT1hbXA?hl=ko&gl=KR&ceid=KR%3Ako
텔레비전에 ~ 희또 나왔으면 정말 좋겠네~ _플레희리스또 1회 예고 TV CHOSUN 210217 방송,TVCHOSUN - TV조선,./articles/CCAiC2RTcGdfTVpqVndnmAEB?hl=ko&gl=KR&ceid=KR%3Ako
드라마 결혼작사 이혼작곡 9회 예고 TV CHOSUN 210220 방송,TVCHOSUN - TV조선,./articles/CCAiC1pYcllCOGdhVW0wmAEB?hl=ko&gl=KR&ceid=KR%3Ako
"유튜버 강학두 ""전문업체에 파양""…前 남친 ""거짓말"" 폭로 예고",뉴스1,./articles/CAIiEEM519_6efWEtJ9UV1hgC3oqGQgEKhAIACoHCAow3tTdCjDn49MBMOaZkAI?hl=ko&gl=KR&ceid=KR%3Ako
": 이하늘, 박유선에 ""잠만 자면 다시 시작 아니야?""",엑스포츠뉴스,./articles/CBMiO2h0dHA6Ly93d3cueHBvcnRzbmV3cy5jb20vP2FjPWFydGljbGVfdmlldyZlbnRyeV9pZD0xMzg5ODA40gEA?hl=ko&gl=KR&ceid=KR%3Ako
"배성재 아나운서 SBS에 사표…""퇴사 시기는 미정""",노컷뉴스,./articles/CBMiKGh0dHBzOi8vd3d3Lm5vY3V0bmV3cy5jby5rci9uZXdzLzU1MDA2NznSAQA?hl=ko&gl=KR&ceid=KR%3Ako
"'아내의 맛' 홍현희♥제이쓴, 구옥 건물주 됐다",한국경제,./articles/CAIiELzouyp8H10dN6yld3mg0Y8qGQgEKhAIACoHCAow0__cCjDUitABMMXcrgY?hl=ko&gl=KR&ceid=KR%3Ako
"각양각색 포즈 스타들의 향연, 대한민국을 빛낸 10인 시상식",세계일보,./articles/CCAiC2tkWmlLWTFGVlpBmAEB?hl=ko&gl=KR&ceid=KR%3Ako
"“역대 최고점 vs 최연소 진”… ‘미스트롯2′ 김태연 vs 김다현, 맞붙었다",조선일보,./articles/CBMiXGh0dHBzOi8vd3d3LmNob3N1bi5jb20vZW50ZXJ0YWlubWVudHMvZW50ZXJ0YWluX3Bob3RvLzIwMjEvMDIvMTcvNjNDNVczWEdFSktOTTI2QjQzSU9OWklRVVkv0gFraHR0cHM6Ly93d3cuY2hvc3VuLmNvbS9lbnRlcnRhaW5tZW50cy9lbnRlcnRhaW5fcGhvdG8vMjAyMS8wMi8xNy82M0M1VzNYR0VKS05NMjZCNDNJT05aSVFVWS8_b3V0cHV0VHlwZT1hbXA?hl=ko&gl=KR&ceid=KR%3Ako
"김혜영 강석과 33년간 라디오 진행, 세계 최장(`허지웅쇼`) - 스타투데이",매일경제,./articles/CBMiOWh0dHBzOi8vd3d3Lm1rLmNvLmtyL3N0YXIvaG90LWlzc3Vlcy92aWV3LzIwMjEvMDIvMTU2Njk5L9IBO2h0dHBzOi8vbS5tay5jby5rci9zdGFyL2hvdC1pc3N1ZXMvdmlldy1hbXAvMjAyMS8wMi8xNTY2OTkv?hl=ko&gl=KR&ceid=KR%3Ako
"또 이지아만 불참… ’펜트하우스2′, 심수련 컴백은 없다?",조선일보,./articles/CBMiXGh0dHBzOi8vd3d3LmNob3N1bi5jb20vZW50ZXJ0YWlubWVudHMvZW50ZXJ0YWluX3Bob3RvLzIwMjEvMDIvMTcvSVRKR0xGUE5SWTRYRzZWR0ZXVEE0R0RQS00v0gFraHR0cHM6Ly93d3cuY2hvc3VuLmNvbS9lbnRlcnRhaW5tZW50cy9lbnRlcnRhaW5fcGhvdG8vMjAyMS8wMi8xNy9JVEpHTEZQTlJZNFhHNlZHRldUQTRHRFBLTS8_b3V0cHV0VHlwZT1hbXA?hl=ko&gl=KR&ceid=KR%3Ako
"둠둠타 DOOM DOOM TAㅣ트라이비 1st 싱글 'TRI.BE Da Loca' 쇼케이스(송선, 켈리, 진하, 현빈, 지아, 소은, 미레)ㅣ210217",세계일보,./articles/CCAiCzlyV1JVY0hyU2RzmAEB?hl=ko&gl=KR&ceid=KR%3Ako
"하리수, 해킹 메시지에 격한 분노 ""이 쓰레기는 또 뭐야""",뉴스1,./articles/CAIiEJhi6VcbshPm7EI59_dGR2MqGQgEKhAIACoHCAow3tTdCjDn49MBMMrakAI?hl=ko&gl=KR&ceid=KR%3Ako
"김청 ""결혼 3일만 파경, 견디기 힘들었다"" [종합]",텐아시아,./articles/CBMiNWh0dHBzOi8vdGVuYXNpYS5oYW5reXVuZy5jb20vdHYvYXJ0aWNsZS8yMDIxMDIxNjM2MTc00gExaHR0cHM6Ly90ZW5hc2lhLmhhbmt5dW5nLmNvbS90di9hbXAvMjAyMTAyMTYzNjE3NA?hl=ko&gl=KR&ceid=KR%3Ako
[이슈시개]한복 또 저격…'韓모욕' 中그림에 좋아요 5만개,노컷뉴스,./articles/CBMiKGh0dHBzOi8vd3d3Lm5vY3V0bmV3cy5jby5rci9uZXdzLzU1MDA5MzPSASpodHRwczovL20ubm9jdXRuZXdzLmNvLmtyL25ld3MvYW1wLzU1MDA5MzM?hl=ko&gl=KR&ceid=KR%3Ako
"'탈모' 구준엽, 두피 문신 근황…'주위에서 깜짝 놀라'",아시아경제,./articles/CBMiMmh0dHBzOi8vY20uYXNpYWUuY28ua3IvYXJ0aWNsZS8yMDIxMDIxNzA0MTkyMTU1MDA40gE5aHR0cHM6Ly9jbS5hc2lhZS5jby5rci9hbXB2aWV3Lmh0bT9ubz0yMDIxMDIxNzA0MTkyMTU1MDA4?hl=ko&gl=KR&ceid=KR%3Ako
"백지영, '서울집' 촬영 후 딸 장래 결정…""건축가로 키울 것""",JTBC 모바일 뉴스,./articles/CBMiQWh0dHBzOi8vbW5ld3MuanRiYy5qb2lucy5jb20vTmV3cy9BcnRpY2xlLmFzcHg_bmV3c19pZD1OQjExOTkyNTQ40gEA?hl=ko&gl=KR&ceid=KR%3Ako
“만화 '날아라 슈퍼보드'가 실사 드라마로 제작됩니다”,위키트리 WIKITREE,./articles/CAIiEJ_GG3DCI_csQJUr-lUUpbQqGQgEKhAIACoHCAowtN_4CjCNp98CMLmi4gY?hl=ko&gl=KR&ceid=KR%3Ako
"[공식입장] 홍수아 측 ""악플러 고소 준비 중…선처·합의 없다""",뉴스1,./articles/CBMiJGh0dHBzOi8vbS5uZXdzMS5rci9hcnRpY2xlcy8_NDIxMjU4N9IBKmh0dHBzOi8vd3d3Lm5ld3MxLmtyL2FtcC9hcnRpY2xlcy8_NDIxMjU4Nw?hl=ko&gl=KR&ceid=KR%3Ako
"‘미스트롯2’ 양지은·강혜연·은가은·김연지, 역전의 용사로 출격",조선일보,./articles/CBMiVmh0dHBzOi8vd3d3LmNob3N1bi5jb20vZW50ZXJ0YWlubWVudHMvYnJvYWRjYXN0LzIwMjEvMDIvMTYvTTZGTVdVQ1RHNUFRVktLUllJUlVIVU1QQlkv0gFlaHR0cHM6Ly93d3cuY2hvc3VuLmNvbS9lbnRlcnRhaW5tZW50cy9icm9hZGNhc3QvMjAyMS8wMi8xNi9NNkZNV1VDVEc1QVFWS0tSWUlSVUhVTVBCWS8_b3V0cHV0VHlwZT1hbXA?hl=ko&gl=KR&ceid=KR%3Ako
[집콕콘서트-티저] MBC가 준비한 역대급 콘서트 이승환｜잔나비｜서태지 (MBC2103방송),MBClife,./articles/CCAiC3V6RUY2UVlZME9VmAEB?hl=ko&gl=KR&ceid=KR%3Ako
"김구라, 재혼한 아내 어떤 사람?",텐아시아,./articles/CBMiOGh0dHBzOi8vdGVuYXNpYS5oYW5reXVuZy5jb20vdG9waWMvYXJ0aWNsZS8yMDIxMDIxNjA5OTk00gE0aHR0cHM6Ly90ZW5hc2lhLmhhbmt5dW5nLmNvbS90b3BpYy9hbXAvMjAyMTAyMTYwOTk5NA?hl=ko&gl=KR&ceid=KR%3Ako
"둘 다 개그맨인 부부, '으리으리'한 집 내부 싹 공개했다",위키트리 WIKITREE,./articles/CAIiEEeb9vh-bCKhpBMEYNKXjPMqGQgEKhAIACoHCAowtN_4CjCNp98CMLmi4gY?hl=ko&gl=KR&ceid=KR%3Ako
"TOO 차웅기, 하루 만에 '개념돌'→학폭 가해자 지목",서울경제신문,./articles/CBMiK2h0dHBzOi8vd3d3LnNlZGFpbHkuY29tL05ld3NWSWV3LzIySUswRk5GQ0vSAQA?hl=ko&gl=KR&ceid=KR%3Ako
"""눈빛이…"" 전진 류이서, '펜트하우스' 천서진과 기싸움 벌였다",위키트리 WIKITREE,./articles/CAIiELrZV6gKLfXiH8jE2Wjt6I0qGQgEKhAIACoHCAowtN_4CjCNp98CMIme4gY?hl=ko&gl=KR&ceid=KR%3Ako
"김학래, 외도·도박·빚보증 인정 “전국민에 욕 먹어”",동아일보,./articles/CBMiSWh0dHBzOi8vd3d3LmRvbmdhLmNvbS9uZXdzL0VudGVydGFpbm1lbnQvYXJ0aWNsZS9hbGwvMjAyMTAyMTYvMTA1NDM2MDI4LzLSATdodHRwczovL3d3dy5kb25nYS5jb20vbmV3cy9hbXAvYWxsLzIwMjEwMjE2LzEwNTQzNjAyOC8y?hl=ko&gl=KR&ceid=KR%3Ako
"구준엽, 머리 문신으로 회춘 ""머리카락 다시 나냐고 다들 놀라""",뉴스1,./articles/CAIiEJnGawHDAB8KypvPg9jM_1YqGQgEKhAIACoHCAow3tTdCjDn49MBMNPBjwI?hl=ko&gl=KR&ceid=KR%3Ako
임영웅x정동원 ‘천개의 바람이 되어’ 감동무대 음원 발표,조선일보,./articles/CBMiTGh0dHBzOi8vd3d3LmNob3N1bi5jb20vZW50ZXJ0YWlubWVudHMvMjAyMS8wMi8xNi9WVzRWWUJONk1KQ09ESEI3QVBBUzNHRkdMQS_SAVtodHRwczovL3d3dy5jaG9zdW4uY29tL2VudGVydGFpbm1lbnRzLzIwMjEvMDIvMTYvVlc0VllCTjZNSkNPREhCN0FQQVMzR0ZHTEEvP291dHB1dFR5cGU9YW1w?hl=ko&gl=KR&ceid=KR%3Ako
"컴백 앞둔 선미, 팔뚝에서 어마어마한 '장미 타투'가 포착됐다",위키트리 WIKITREE,./articles/CAIiEPc1XEy5ZeNsmzFCTO6KfxEqGQgEKhAIACoHCAowtN_4CjCNp98CMLmi4gY?hl=ko&gl=KR&ceid=KR%3Ako
[소수의견] '다쳐도 쫓겨나도'…보호 못 받는 가사도우미 (2021.02.16/뉴스데스크/MBC),MBCNEWS,./articles/CCAiC21VWmtkUVBYM080mAEB?hl=ko&gl=KR&ceid=KR%3Ako
또 주황빛 돌멩이…1천800원 고둥 먹다가 3억원 번 태국 가족 / 연합뉴스 (Yonhapnews),연합뉴스 Yonhapnews,./articles/CCAiC2kwWlZtRThXLVlFmAEB?hl=ko&gl=KR&ceid=KR%3Ako
[손현주의 간이역-티저] 배우 손현주의 첫 토크쇼! ｜2월 27일 토요일 밤 9시 50분 첫방송 (MBC210227방송),MBClife,./articles/CCAiC1NHQjlmc1VKUUNjmAEB?hl=ko&gl=KR&ceid=KR%3Ako
"'PK 판정 비난 게시물 삭제' 네이마르, UCL 2경기 출전정지 징계 가능성 (英 매체)",조선일보,./topics/CAAqIQgKIhtDQkFTRGdvSUwyMHZNR2gyWjNRU0FtdHZLQUFQAQ?hl=ko&gl=KR&ceid=KR%3Ako
"흥국생명, 이재영·이다영 현수막 철거…'흔적 지우기' 나섰다 - 중앙일보",중앙일보,./articles/CBMiJ2h0dHBzOi8vbmV3cy5qb2lucy5jb20vYXJ0aWNsZS8yMzk5Mzc5M9IBK2h0dHBzOi8vbW5ld3Muam9pbnMuY29tL2FtcGFydGljbGUvMjM5OTM3OTM?hl=ko&gl=KR&ceid=KR%3Ako
[여백] 학교폭력,대전일보,./articles/CBMiL2h0dHA6Ly9tLmRhZWpvbmlsYm8uY29tL21uZXdzLmFzcD9wa19ubz0xNDU4ODMw0gEA?hl=ko&gl=KR&ceid=KR%3Ako
[V리그] 한국도로공사 vs GS칼텍스 하이라이트 (02.17),SPOTV,./articles/CCAiCzFCY3NTeWdmU1Q0mAEB?hl=ko&gl=KR&ceid=KR%3Ako
"토트넘, 선수단 정리 불가피...英 매체 ''SON-케인 아니길 기도해야''",축구 전문 미디어 스포탈코리아,./articles/CBMiYWh0dHBzOi8vd3d3LnNwb3J0YWxrb3JlYS5jb20vbmV3cy92aWV3LnBocD9naXNhX3VuaXE9MjAyMTAyMTYyMTE0MTIwOCZzZWN0aW9uX2NvZGU9MjAmbmV3c3N0YW5kPTHSAQA?hl=ko&gl=KR&ceid=KR%3Ako
[프로배구] '어우흥'은 어디로…흥국생명의 끝없는 추락,연합뉴스,./articles/CBMiP2h0dHBzOi8vbS55bmEuY28ua3Ivdmlldy9NWUgyMDIxMDIxNzAxODUwMDAzOD9zZWN0aW9uPXZpZGVvL2FsbNIBAA?hl=ko&gl=KR&ceid=KR%3Ako
'학교폭력 선수' 프로입단 원천 봉쇄...제명 규정 신설 / YTN,YTN news,./articles/CCAiCzR2eEVnTjMtQWdFmAEB?hl=ko&gl=KR&ceid=KR%3Ako
[자막뉴스] 김연경이 인정한 이재영이었는데...쌍둥이 발 '대형 악재',YTN,./articles/CBMiQ2h0dHBzOi8vd3d3Lnl0bi5jby5rci9yZXBsYXkvdmlldy5waHA_aWR4PTI5JmtleT0yMDIxMDIxNjA4NTkwMzQ2NjbSAQA?hl=ko&gl=KR&ceid=KR%3Ako
“밑바닥에서 다시 시작하겠다”···이재영·다영 자매가 아빠에게 한 말,인사이트,./articles/CAIiEKJl6Nv5KXuElme8f6MWqukqGQgEKhAIACoHCAowwaWGCzCCgYQDMKmviwY?hl=ko&gl=KR&ceid=KR%3Ako
"KOVO, '학교폭력 연루자' 신인 드래프트 참여 원천봉쇄 / YTN",YTN news,./articles/CCAiC2d0SUpnSjZXcnRnmAEB?hl=ko&gl=KR&ceid=KR%3Ako
"김동성 “전처, 서울대 학력 위조…신뢰 깨져 이혼”",문화일보,./articles/CBMiPmh0dHA6Ly93d3cubXVuaHdhLmNvbS9uZXdzL3ZpZXcuaHRtbD9ubz0yMDIxMDIxNk1XMTQzODQxODY0ODM00gEA?hl=ko&gl=KR&ceid=KR%3Ako
"""돈 뺏은 가해자가 경찰 됐다""…번지는 '학폭 미투' (2021.02.16/뉴스데스크/MBC)",MBCNEWS,./articles/CCAiCzdkZzRsTURhZ1A4mAEB?hl=ko&gl=KR&ceid=KR%3Ako
"'박지성♥ 아내' 김민지 ""오해 풀어달라"" 호소…왜?",한국경제,./articles/CAIiEGDSHdBv0TBJmeJ7_7WY640qGQgEKhAIACoHCAow0__cCjDUitABMMXcrgY?hl=ko&gl=KR&ceid=KR%3Ako
"김연경, 이어지는 미담…고교 선배 ""오래된 관행 실력으로 바꿨다""",머니투데이,./articles/CBMiO2h0dHBzOi8vbmV3cy5tdC5jby5rci9tdHZpZXcucGhwP25vPTIwMjEwMjE2MDYyNzIwODAxNDkmVkJD0gE9aHR0cHM6Ly9tLm10LmNvLmtyL3JlbmV3L3ZpZXdfYW1wLmh0bWw_bm89MjAyMTAyMTYwNjI3MjA4MDE0OQ?hl=ko&gl=KR&ceid=KR%3Ako
"여자배구 '학폭' 추가 폭로, 해당 선수는 부인 - 중앙일보",중앙일보,./articles/CBMiTmh0dHBzOi8vbmV3cy5qb2lucy5jb20vYXJ0aWNsZS8yMzk5MzAyMD9jbG9jPWpvb25nYW5nLXNlY3Rpb24tbW9yZWRpZ2l0YWxmaXJzdNIBK2h0dHBzOi8vbW5ld3Muam9pbnMuY29tL2FtcGFydGljbGUvMjM5OTMwMjA?hl=ko&gl=KR&ceid=KR%3Ako
"'국대 퇴출' 이재영-이다영, 지도자 진출도 막힌다 - 머니S",Money S,./articles/CBMiTWh0dHBzOi8vbW9uZXlzLm10LmNvLmtyL25ld3MvbXdWaWV3LnBocD9ubz0yMDIxMDIxNjEzMzY4MDE1MzcyJmNvZGU9dzE4MDYmTVJO0gFAaHR0cHM6Ly9tLm1vbmV5cy5tdC5jby5rci9hcnRpY2xlQW1wLmh0bWw_bm89MjAyMTAyMTYxMzM2ODAxNTM3Mg?hl=ko&gl=KR&ceid=KR%3Ako
‘췌장암 투병’ 유상철“항암치료 후 일주일은 못 먹어” - 헤럴드경제 뉴스,헤럴드경제,./articles/CBMiNGh0dHA6Ly9iaXouaGVyYWxkY29ycC5jb20vdmlldy5waHA_dWQ9MjAyMTAyMTcwMDAwOTDSATlodHRwOi8vbWJpei5oZXJhbGRjb3JwLmNvbS9hbXAvdmlldy5waHA_dWQ9MjAyMTAyMTcwMDAwOTA?hl=ko&gl=KR&ceid=KR%3Ako
"英 언론 “한광성, 매달 1억원 이상 북에 송금”",조선일보,./articles/CBMiU2h0dHBzOi8vd3d3LmNob3N1bi5jb20vc3BvcnRzL3dvcmxkLWZvb3RiYWxsLzIwMjEvMDIvMTcvV0tHSzY2VVNTNUdKN0I2TEVLR1FNREFUTVkv0gFiaHR0cHM6Ly93d3cuY2hvc3VuLmNvbS9zcG9ydHMvd29ybGQtZm9vdGJhbGwvMjAyMS8wMi8xNy9XS0dLNjZVU1M1R0o3QjZMRUtHUU1EQVRNWS8_b3V0cHV0VHlwZT1hbXA?hl=ko&gl=KR&ceid=KR%3Ako
[영상] 쌍둥이 자매는 외신 헤드라인에…국대 출신 엄마는,연합뉴스,./articles/CBMiP2h0dHBzOi8vbS55bmEuY28ua3Ivdmlldy9NWUgyMDIxMDIxNjAxNTAwMDcwND9zZWN0aW9uPXZpZGVvL2FsbNIBAA?hl=ko&gl=KR&ceid=KR%3Ako
'부상· 기권 속출' 호주오픈...자가격리 후유증? / YTN,YTN news,./articles/CCAiCzZuZmhrLXRzYlhVmAEB?hl=ko&gl=KR&ceid=KR%3Ako
"“아시아의 神, SON의 가치”… 손흥민 1200억원 유벤투스설, 토트넘 팬들의 폭발적 반응",조선일보,./articles/CBMiUWh0dHBzOi8vd3d3LmNob3N1bi5jb20vc3BvcnRzL3Nwb3J0c19waG90by8yMDIxLzAyLzE3L0tSRlpPQkJSNDdFRUQ0RlVPUEZKSkM1Mk1RL9IBYGh0dHBzOi8vd3d3LmNob3N1bi5jb20vc3BvcnRzL3Nwb3J0c19waG90by8yMDIxLzAyLzE3L0tSRlpPQkJSNDdFRUQ0RlVPUEZKSkM1Mk1RLz9vdXRwdXRUeXBlPWFtcA?hl=ko&gl=KR&ceid=KR%3Ako
“언니 옆에 있으면 난 막내” 김연경이 유일하게 의지하는 선수가 있다,위키트리 WIKITREE,./articles/CAIiEOH2yW_ycx3oVpqV8aXnBnUqGQgEKhAIACoHCAowtN_4CjCNp98CMP284gY?hl=ko&gl=KR&ceid=KR%3Ako
: 정수빈 '강동우 코치의 타격 강의 경청'[엑's 영상],엑스포츠뉴스,./articles/CAIiEPsMOykKi305lB_jOh1hIn4qGQgEKhAIACoHCAowypqGCzDN34MDMKTjigY?hl=ko&gl=KR&ceid=KR%3Ako
'맷값 폭행' 최철원 회장…“아이스하키협회장 될 수 없다”,채널A 뉴스,./articles/CCAiC3NOWllrZElBN2pnmAEB?hl=ko&gl=KR&ceid=KR%3Ako
"""이 정도일 줄 몰랐다""…지나친 이상화 행동에 결국 불만 터트린 강남 (영상)",위키트리 WIKITREE,./articles/CAIiEOSJvDxOvyx7o_vooTGvwNEqGQgEKhAIACoHCAowtN_4CjCNp98CMIme4gY?hl=ko&gl=KR&ceid=KR%3Ako
"9위까지 떨어진 토트넘, 무리뉴 경질하면 막대한 위약금 물어준다",조선일보,./articles/CBMiUWh0dHBzOi8vd3d3LmNob3N1bi5jb20vc3BvcnRzL3Nwb3J0c19waG90by8yMDIxLzAyLzE2L1NaU09TSk40VUFJN05FRFZVTTJBVDZVUlRZL9IBYGh0dHBzOi8vd3d3LmNob3N1bi5jb20vc3BvcnRzL3Nwb3J0c19waG90by8yMDIxLzAyLzE2L1NaU09TSk40VUFJN05FRFZVTTJBVDZVUlRZLz9vdXRwdXRUeXBlPWFtcA?hl=ko&gl=KR&ceid=KR%3Ako
"대한항공, 현대캐피탈 꺾고 남자배구 선두 질주 / 연합뉴스TV (YonhapnewsTV)",연합뉴스TV,./articles/CCAiC2QtRldyV0pIUGdJmAEB?hl=ko&gl=KR&ceid=KR%3Ako
"대한체육회, 18일 진천서 국가대표 훈련 개시식 / 연합뉴스TV (YonhapnewsTV)",연합뉴스TV,./articles/CCAiC3FxdVgxUjJjRko4mAEB?hl=ko&gl=KR&ceid=KR%3Ako
'스포츠 폭력' 뿌리 뽑힐까?...학교 운동부 징계이력 통합관리 / YTN,YTN news,./articles/CCAiC00xQXhoWENHSGI0mAEB?hl=ko&gl=KR&ceid=KR%3Ako
"두산, 핸드볼리그 6시즌 연속 우승…MVP는 박찬영 / JTBC 아침&",JTBC News,./articles/CCAiC3lHdGF3LTR2c3VjmAEB?hl=ko&gl=KR&ceid=KR%3Ako
